<ImportExportXml xmlns:xsi="http://www.w3.org/2001/XMLSchema-instance">
  <Entities></Entities>
  <Roles></Roles>
  <Workflows></Workflows>
  <FieldSecurityProfiles></FieldSecurityProfiles>
  <Templates />
  <EntityMaps />
  <EntityRelationships />
  <OrganizationSettings />
  <optionsets />
  <CustomControls />
  <SolutionPluginAssemblies>
    <PluginAssembly FullName="DCC.CRM.Utils.GetEntityValue, Version=1.0.0.0, Culture=neutral, PublicKeyToken=ad8fd14f68a7227d" PluginAssemblyId="47fbef69-2866-4b47-8253-8febfab0f1a6" CustomizationLevel="1">
      <IsolationMode>2</IsolationMode>
      <SourceType>0</SourceType>
      <IntroducedVersion>1.0</IntroducedVersion>
      <FileName>/PluginAssemblies/DCCCRMUtilsGetEntityValue-47FBEF69-2866-4B47-8253-8FEBFAB0F1A6/DCCCRMUtilsGetEntityValue.dll</FileName>
      <PluginTypes>
        <PluginType AssemblyQualifiedName="DCC.CRM.Utils.GetEntityValue.GetEntityValue, DCC.CRM.Utils.GetEntityValue, Version=1.0.0.0, Culture=neutral, PublicKeyToken=ad8fd14f68a7227d" PluginTypeId="cf4200c3-be7b-4f4f-89c7-5dc8c588d482" Name="DCC.CRM.Utils.GetEntityValue.GetEntityValue">
          <FriendlyName>b9f0c736-5ef5-46be-b67d-e9a913379f40</FriendlyName>
          <WorkflowActivityGroupName>DCC.CRM.Utils.GetEntityValue (1.0.0.0)</WorkflowActivityGroupName>
        </PluginType>
      </PluginTypes>
    </PluginAssembly>
  </SolutionPluginAssemblies>
  <EntityDataProviders />
  <Languages>
    <Language>3082</Language>
  </Languages>
</ImportExportXml>